id,小时,日期,电量（kWh）,节假日,天气
1,0:00-1:00,5.20,194692.832,0,1
2,1:00-2:00,5.20,191348.543,0,1
3,2:00-3:00,5.20,190644.629,0,1
4,3:00-4:00,5.20,183967.410,0,1
5,4:00-5:00,5.20,181558.111,0,1
6,5:00-6:00,5.20,180469.366,0,1
7,6:00-7:00,5.20,183582.853,0,1
8,7:00-8:00,5.20,181050.546,0,1
9,8:00-9:00,5.20,184462.349,0,1
10,9:00-10:00,5.20,180481.269,0,1
11,10:00-11:00,5.20,169389.917,0,1
12,11:00-12:00,5.20,152937.715,0,1
13,12:00-13:00,5.20,154377.371,0,1
14,13:00-14:00,5.20,160079.939,0,1
15,14:00-15:00,5.20,162050.290,0,1
16,15:00-16:00,5.20,161578.375,0,1
17,16:00-17:00,5.20,163537.443,0,1
18,17:00-18:00,5.20,164303.085,0,1
19,18:00-19:00,5.20,165540.950,0,1
20,19:00-20:00,5.20,177069.683,0,1
21,20:00-21:00,5.20,183322.512,0,1
22,21:00-22:00,5.20,179404.532,0,1
23,22:00-23:00,5.20,185403.211,0,1
24,23:00-24:00,5.20,186544.496,0,1
25,0:00-1:00,5.21,183770.484,0,1
26,1:00-2:00,5.21,183393.904,0,1
27,2:00-3:00,5.21,185334.090,0,1
28,3:00-4:00,5.21,182475.267,0,1
29,4:00-5:00,5.21,180241.623,0,1
30,5:00-6:00,5.21,181192.208,0,1
31,6:00-7:00,5.21,180441.594,0,1
32,7:00-8:00,5.21,173132.243,0,1
33,8:00-9:00,5.21,192064.800,0,1
34,9:00-10:00,5.21,181509.808,0,1
35,10:00-11:00,5.21,160847.029,0,1
36,11:00-12:00,5.21,151036.966,0,1
37,12:00-13:00,5.21,157997.757,0,1
38,13:00-14:00,5.21,162986.945,0,1
39,14:00-15:00,5.21,164735.515,0,1
40,15:00-16:00,5.21,165146.486,0,1
41,16:00-17:00,5.21,162022.268,0,1
42,17:00-18:00,5.21,164728.413,0,1
43,18:00-19:00,5.21,163462.263,0,1
44,19:00-20:00,5.21,174358.309,0,1
45,20:00-21:00,5.21,181629.780,0,1
46,21:00-22:00,5.21,181380.673,0,1
47,22:00-23:00,5.21,186306.200,0,1
48,23:00-24:00,5.21,187964.988,0,1
49,0:00-1:00,5.22,182973.470,1,1
50,1:00-2:00,5.22,192790.846,1,1
51,2:00-3:00,5.22,186473.168,1,1
52,3:00-4:00,5.22,183978.518,1,1
53,4:00-5:00,5.22,178950.961,1,1
54,5:00-6:00,5.22,178058.099,1,1
55,6:00-7:00,5.22,181132.268,1,1
56,7:00-8:00,5.22,182280.553,1,1
57,8:00-9:00,5.22,185002.265,1,1
58,9:00-10:00,5.22,175037.917,1,1
59,10:00-11:00,5.22,168218.999,1,1
60,11:00-12:00,5.22,158535.727,1,1
61,12:00-13:00,5.22,159823.162,1,1
62,13:00-14:00,5.22,164203.249,1,1
63,14:00-15:00,5.22,177024.409,1,1
64,15:00-16:00,5.22,175556.153,1,1
65,16:00-17:00,5.22,177032.871,1,1
66,17:00-18:00,5.22,169107.224,1,1
67,18:00-19:00,5.22,176094.175,1,1
68,19:00-20:00,5.22,185974.694,1,1
69,20:00-21:00,5.22,190346.173,1,1
70,21:00-22:00,5.22,195453.178,1,1
71,22:00-23:00,5.22,194547.304,1,1
72,23:00-24:00,5.22,191011.175,1,1
73,0:00-1:00,5.23,194988.024,1,0
74,1:00-2:00,5.23,193050.567,1,0
75,2:00-3:00,5.23,194068.367,1,0
76,3:00-4:00,5.23,191479.483,1,0
77,4:00-5:00,5.23,189438.099,1,0
78,5:00-6:00,5.23,190100.391,1,0
79,6:00-7:00,5.23,187537.727,1,0
80,7:00-8:00,5.23,186629.774,1,0
81,8:00-9:00,5.23,193882.527,1,0
82,9:00-10:00,5.23,185336.465,1,0
83,10:00-11:00,5.23,177492.328,1,0
84,11:00-12:00,5.23,168282.032,1,0
85,12:00-13:00,5.23,172367.691,1,0
86,13:00-14:00,5.23,178632.388,1,0
87,14:00-15:00,5.23,183604.484,1,0
88,15:00-16:00,5.23,184849.575,1,0
89,16:00-17:00,5.23,187374.441,1,0
90,17:00-18:00,5.23,195551.616,1,0
91,18:00-19:00,5.23,198828.680,1,0
92,19:00-20:00,5.23,208401.896,1,0
93,20:00-21:00,5.23,209812.775,1,0
94,21:00-22:00,5.23,207005.316,1,0
95,22:00-23:00,5.23,209532.989,1,0
96,23:00-24:00,5.23,203604.553,1,0
97,0:00-1:00,5.24,204392.467,0,1
98,1:00-2:00,5.24,206712.669,0,1
99,2:00-3:00,5.24,204591.217,0,1
100,3:00-4:00,5.24,199854.057,0,1
101,4:00-5:00,5.24,200134.705,1,1
102,5:00-6:00,5.24,198040.477,0,1
103,6:00-7:00,5.24,197774.522,0,1
104,7:00-8:00,5.24,203029.177,0,1
105,8:00-9:00,5.24,213397.280,0,1
106,9:00-10:00,5.24,197119.153,0,1
107,10:00-11:00,5.24,191607.621,0,1
108,11:00-12:00,5.24,180972.099,0,1
109,12:00-13:00,5.24,178156.361,0,1
110,13:00-14:00,5.24,184093.940,0,1
111,14:00-15:00,5.24,186515.229,0,1
112,15:00-16:00,5.24,186681.062,0,1
113,16:00-17:00,5.24,185927.999,0,1
114,17:00-18:00,5.24,180949.297,0,1
115,18:00-19:00,5.24,182300.219,0,1
116,19:00-20:00,5.24,197939.901,0,1
117,20:00-21:00,5.24,203164.583,0,1
118,21:00-22:00,5.24,199955.754,0,1
119,22:00-23:00,5.24,201026.687,0,1
120,23:00-24:00,5.24,204073.065,0,1
121,0:00-1:00,5.25,201779.577,0,2
122,1:00-2:00,5.25,203607.667,0,2
123,2:00-3:00,5.25,194945.750,0,2
124,3:00-4:00,5.25,192155.074,0,2
125,4:00-5:00,5.25,194518.008,0,2
126,5:00-6:00,5.25,191024.960,0,2
127,6:00-7:00,5.25,190279.827,0,2
128,7:00-8:00,5.25,191246.879,0,2
129,8:00-9:00,5.25,207103.426,0,2
130,9:00-10:00,5.25,194648.487,0,2
131,10:00-11:00,5.25,187668.166,0,2
132,11:00-12:00,5.25,178689.380,0,2
133,12:00-13:00,5.25,181310.522,0,2
134,13:00-14:00,5.25,190982.886,0,2
135,14:00-15:00,5.25,187655.420,0,2
136,15:00-16:00,5.25,194153.517,0,2
137,16:00-17:00,5.25,196334.786,0,2
138,17:00-18:00,5.25,193523.868,0,2
139,18:00-19:00,5.25,191290.081,0,2
140,19:00-20:00,5.25,203882.011,0,2
141,20:00-21:00,5.25,209844.306,0,2
142,21:00-22:00,5.25,207018.571,0,2
143,22:00-23:00,5.25,203236.493,0,2
144,23:00-24:00,5.25,201795.671,0,2
145,0:00-1:00,5.26,204072.448,0,2
146,1:00-2:00,5.26,203085.249,0,2
147,2:00-3:00,5.26,202870.864,0,2
148,3:00-4:00,5.26,200827.089,0,2
149,4:00-5:00,5.26,202173.108,0,2
150,5:00-6:00,5.26,199910.659,0,2
151,6:00-7:00,5.26,196024.957,0,2
152,7:00-8:00,5.26,195369.296,0,2
153,8:00-9:00,5.26,205503.042,0,2
154,9:00-10:00,5.26,193012.451,0,2
155,10:00-11:00,5.26,188219.805,0,2
156,11:00-12:00,5.26,180392.291,0,2
157,12:00-13:00,5.26,180905.251,0,2
158,13:00-14:00,5.26,186097.610,0,2
159,14:00-15:00,5.26,185867.190,0,2
160,15:00-16:00,5.26,191623.283,0,2
161,16:00-17:00,5.26,191143.955,0,2
162,17:00-18:00,5.26,190956.029,0,2
163,18:00-19:00,5.26,190664.409,0,2
164,19:00-20:00,5.26,201133.201,0,2
165,20:00-21:00,5.26,204653.000,0,2
166,21:00-22:00,5.26,206107.288,0,2
167,22:00-23:00,5.26,213535.857,0,2
168,23:00-24:00,5.26,207255.428,0,2
169,0:00-1:00,5.27,206093.748,1,2
170,1:00-2:00,5.27,203997.884,1,2
171,2:00-3:00,5.27,209031.819,1,2
172,3:00-4:00,5.27,199339.387,1,2
173,4:00-5:00,5.27,199508.780,1,2
174,5:00-6:00,5.27,199266.491,1,2
175,6:00-7:00,5.27,195159.656,1,2
176,7:00-8:00,5.27,199381.807,1,2
177,8:00-9:00,5.27,201506.119,1,2
178,9:00-10:00,5.27,190079.097,1,2
179,10:00-11:00,5.27,178591.283,1,2
180,11:00-12:00,5.27,180230.892,1,2
181,12:00-13:00,5.27,170500.947,1,2
182,13:00-14:00,5.27,182023.976,1,2
183,14:00-15:00,5.27,179889.802,1,2
184,15:00-16:00,5.27,186070.948,1,2
185,16:00-17:00,5.27,189953.223,1,2
186,17:00-18:00,5.27,188966.238,1,2
187,18:00-19:00,5.27,188251.981,1,2
188,19:00-20:00,5.27,204636.194,1,2
189,20:00-21:00,5.27,206535.361,1,2
190,21:00-22:00,5.27,207792.370,1,2
191,22:00-23:00,5.27,206864.299,1,2
192,23:00-24:00,5.27,206848.965,1,2
193,0:00-1:00,5.28,201757.148,1,0
194,1:00-2:00,5.28,199444.415,1,0
195,2:00-3:00,5.28,200299.520,1,0
196,3:00-4:00,5.28,194336.718,1,0
197,4:00-5:00,5.28,193354.279,1,0
198,5:00-6:00,5.28,186468.848,1,0
199,6:00-7:00,5.28,178960.925,1,0
200,7:00-8:00,5.28,184833.777,1,0
201,8:00-9:00,5.28,188432.167,1,0
202,9:00-10:00,5.28,182753.313,1,0
203,10:00-11:00,5.28,170457.472,1,0
204,11:00-12:00,5.28,166570.502,1,0
205,12:00-13:00,5.28,160747.332,1,0
206,13:00-14:00,5.28,167237.926,1,0
207,14:00-15:00,5.28,173206.943,1,0
208,15:00-16:00,5.28,171550.174,1,0
209,16:00-17:00,5.28,175329.318,1,0
210,17:00-18:00,5.28,173871.701,1,0
211,18:00-19:00,5.28,168567.477,1,0
212,19:00-20:00,5.28,184820.260,1,0
213,20:00-21:00,5.28,190820.034,1,0
214,21:00-22:00,5.28,192868.342,1,0
215,22:00-23:00,5.28,195337.141,1,0
216,23:00-24:00,5.28,194025.397,1,0
217,0:00-1:00,5.29,197973.124,0,2
218,1:00-2:00,5.29,186264.842,0,2
219,2:00-3:00,5.29,185299.457,0,2
220,3:00-4:00,5.29,183101.212,0,2
221,4:00-5:00,5.29,181817.604,0,2
222,5:00-6:00,5.29,181338.939,0,2
223,6:00-7:00,5.29,176776.599,0,2
224,7:00-8:00,5.29,171564.932,0,2
225,8:00-9:00,5.29,168741.060,0,2
226,9:00-10:00,5.29,161976.597,0,2
227,10:00-11:00,5.29,146798.767,0,2
228,11:00-12:00,5.29,137624.941,0,2
229,12:00-13:00,5.29,139683.927,0,2
230,13:00-14:00,5.29,144312.559,0,2
231,14:00-15:00,5.29,143061.830,0,2
232,15:00-16:00,5.29,145387.900,0,2
233,16:00-17:00,5.29,147055.428,0,2
234,17:00-18:00,5.29,143974.276,0,2
235,18:00-19:00,5.29,140063.579,0,2
236,19:00-20:00,5.29,156940.332,0,2
237,20:00-21:00,5.29,161041.564,0,2
238,21:00-22:00,5.29,164313.111,0,2
239,22:00-23:00,5.29,168544.281,0,2
240,23:00-24:00,5.29,166635.393,0,2
241,0:00-1:00,5.30,165833.843,0,2
242,1:00-2:00,5.30,167995.652,0,2
243,2:00-3:00,5.30,164855.202,0,2
244,3:00-4:00,5.30,160502.996,0,2
245,4:00-5:00,5.30,150717.282,0,2
246,5:00-6:00,5.30,156222.151,0,2
247,6:00-7:00,5.30,149153.136,0,2
248,7:00-8:00,5.30,137941.725,0,2
249,8:00-9:00,5.30,134965.745,0,2
250,9:00-10:00,5.30,110084.562,0,2
251,10:00-11:00,5.30,107012.777,0,2
252,11:00-12:00,5.30,105120.977,0,2
253,12:00-13:00,5.30,108339.104,0,2
254,13:00-14:00,5.30,107493.681,0,2
255,14:00-15:00,5.30,108853.076,0,2
256,15:00-16:00,5.30,113323.781,0,2
257,16:00-17:00,5.30,114203.361,0,2
258,17:00-18:00,5.30,110471.125,0,2
259,18:00-19:00,5.30,117881.601,0,2
260,19:00-20:00,5.30,123951.839,0,2
261,20:00-21:00,5.30,134226.372,0,2
262,21:00-22:00,5.30,136822.828,0,2
263,22:00-23:00,5.30,154269.967,0,1
264,23:00-24:00,5.30,153038.023,0,1
265,0:00-1:00,6.01,187896.853,0,1
266,1:00-2:00,6.01,177003.997,0,1
267,2:00-3:00,6.01,186391.197,0,1
268,3:00-4:00,6.01,179810.844,0,1
269,4:00-5:00,6.01,175658.949,0,1
270,5:00-6:00,6.01,174381.008,0,1
271,6:00-7:00,6.01,174516.836,0,1
272,7:00-8:00,6.01,181141.484,0,1
273,8:00-9:00,6.01,194777.863,0,1
274,9:00-10:00,6.01,185119.165,0,1
275,10:00-11:00,6.01,176761.341,0,1
276,11:00-12:00,6.01,170471.596,0,1
277,12:00-13:00,6.01,171134.163,0,1
278,13:00-14:00,6.01,172774.654,0,1
279,14:00-15:00,6.01,180716.381,0,1
280,15:00-16:00,6.01,184208.966,0,1
281,16:00-17:00,6.01,186540.493,0,1
282,17:00-18:00,6.01,184263.350,0,1
283,18:00-19:00,6.01,181836.891,0,1
284,19:00-20:00,6.01,186341.379,0,1
285,20:00-21:00,6.01,202619.420,0,1
286,21:00-22:00,6.01,196739.836,0,1
287,22:00-23:00,6.01,198510.816,0,1
288,23:00-24:00,6.01,201937.861,0,1
289,0:00-1:00,6.02,192618.714,0,1
290,1:00-2:00,6.02,200324.069,0,1
291,2:00-3:00,6.02,198670.758,0,1
292,3:00-4:00,6.02,191873.520,0,1
293,4:00-5:00,6.02,185411.223,0,1
294,5:00-6:00,6.02,186907.124,0,1
295,6:00-7:00,6.02,190751.104,0,1
296,7:00-8:00,6.02,196121.931,0,1
297,8:00-9:00,6.02,205340.998,0,1
298,9:00-10:00,6.02,191297.965,0,1
299,10:00-11:00,6.02,185035.200,0,1
300,11:00-12:00,6.02,183788.917,0,1
301,12:00-13:00,6.02,188602.457,0,1
302,13:00-14:00,6.02,189171.643,0,1
303,14:00-15:00,6.02,185978.788,0,1
304,15:00-16:00,6.02,194219.127,0,1
305,16:00-17:00,6.02,193403.494,0,1
306,17:00-18:00,6.02,191925.867,0,1
307,18:00-19:00,6.02,192277.007,0,1
308,19:00-20:00,6.02,201000.547,0,1
309,20:00-21:00,6.02,217013.651,0,1
310,21:00-22:00,6.02,211866.211,0,1
311,22:00-23:00,6.02,209306.337,0,1
312,23:00-24:00,6.02,195341.518,0,1
313,0:00-1:00,6.03,203861.314,1,2
314,1:00-2:00,6.03,201017.011,1,2
315,2:00-3:00,6.03,201166.046,1,2
316,3:00-4:00,6.03,197896.191,1,2
317,4:00-5:00,6.03,193294.289,1,2
318,5:00-6:00,6.03,192885.946,1,2
319,6:00-7:00,6.03,195478.667,1,2
320,7:00-8:00,6.03,195744.636,1,2
321,8:00-9:00,6.03,205564.446,1,2
322,9:00-10:00,6.03,199787.661,1,2
323,10:00-11:00,6.03,178091.471,1,2
324,11:00-12:00,6.03,183130.666,1,2
325,12:00-13:00,6.03,165552.223,1,2
326,13:00-14:00,6.03,228233.412,1,2
327,14:00-15:00,6.03,200145.511,1,2
328,15:00-16:00,6.03,198255.698,1,2
329,16:00-17:00,6.03,199824.899,1,2
330,17:00-18:00,6.03,198111.777,1,2
331,18:00-19:00,6.03,202053.419,1,2
332,19:00-20:00,6.03,196945.628,1,2
333,20:00-21:00,6.03,204248.023,1,2
334,21:00-22:00,6.03,202851.646,1,2
335,22:00-23:00,6.03,202670.257,1,2
336,23:00-24:00,6.03,198009.801,1,2
337,0:00-1:00,6.04,192112.913,1,1
338,1:00-2:00,6.04,194920.337,1,1
339,2:00-3:00,6.04,192486.163,1,1
340,3:00-4:00,6.04,193958.131,1,1
341,4:00-5:00,6.04,191089.473,1,1
342,5:00-6:00,6.04,191065.985,1,1
343,6:00-7:00,6.04,189619.611,1,1
344,7:00-8:00,6.04,191618.149,1,1
345,8:00-9:00,6.04,185300.732,1,1
346,9:00-10:00,6.04,186434.203,1,1
347,10:00-11:00,6.04,182185.781,1,1
348,11:00-12:00,6.04,176446.193,1,1
349,12:00-13:00,6.04,182116.485,1,1
350,13:00-14:00,6.04,185292.412,1,1
351,14:00-15:00,6.04,186394.148,1,1
352,15:00-16:00,6.04,185652.765,1,1
353,16:00-17:00,6.04,183180.792,1,1
354,17:00-18:00,6.04,182873.956,1,1
355,18:00-19:00,6.04,184612.549,1,1
356,19:00-20:00,6.04,189606.246,1,1
357,20:00-21:00,6.04,199587.084,1,1
358,21:00-22:00,6.04,195862.071,1,1
359,22:00-23:00,6.04,210758.080,1,1
360,23:00-24:00,6.04,203530.977,1,1
361,0:00-1:00,6.05,196753.722,0,2
362,1:00-2:00,6.05,199666.918,0,2
363,2:00-3:00,6.05,197642.046,0,2
364,3:00-4:00,6.05,194521.170,0,2
365,4:00-5:00,6.05,195819.734,0,2
366,5:00-6:00,6.05,193827.699,0,2
367,6:00-7:00,6.05,197902.496,0,2
368,7:00-8:00,6.05,196183.125,0,2
369,8:00-9:00,6.05,211515.587,0,2
370,9:00-10:00,6.05,206018.548,0,2
371,10:00-11:00,6.05,198966.183,0,2
372,11:00-12:00,6.05,195527.707,0,2
373,12:00-13:00,6.05,191715.582,0,2
374,13:00-14:00,6.05,197098.115,0,2
375,14:00-15:00,6.05,205574.780,0,2
376,15:00-16:00,6.05,206118.278,0,2
377,16:00-17:00,6.05,208952.146,0,2
378,17:00-18:00,6.05,204154.784,0,2
379,18:00-19:00,6.05,211129.331,0,2
380,19:00-20:00,6.05,214636.835,0,2
381,20:00-21:00,6.05,224865.137,0,2
382,21:00-22:00,6.05,217545.089,0,2
383,22:00-23:00,6.05,222841.988,0,2
384,23:00-24:00,6.05,216692.903,0,2
385,0:00-1:00,6.06,210558.928,0,2
386,1:00-2:00,6.06,199348.132,0,2
387,2:00-3:00,6.06,210945.268,0,2
388,3:00-4:00,6.06,201426.227,0,2
389,4:00-5:00,6.06,194735.413,0,2
390,5:00-6:00,6.06,197061.710,0,2
391,6:00-7:00,6.06,198542.661,0,2
392,7:00-8:00,6.06,195907.757,0,2
393,8:00-9:00,6.06,216495.027,0,2
394,9:00-10:00,6.06,205218.229,0,2
395,10:00-11:00,6.06,200000.787,0,2
396,11:00-12:00,6.06,195519.155,0,2
397,12:00-13:00,6.06,191914.963,0,2
398,13:00-14:00,6.06,196946.467,0,2
399,14:00-15:00,6.06,198992.258,0,2
400,15:00-16:00,6.06,197317.240,0,2
401,16:00-17:00,6.06,204290.566,0,2
402,17:00-18:00,6.06,198804.357,0,2
403,18:00-19:00,6.06,199459.072,0,2
404,19:00-20:00,6.06,207482.473,0,2
405,20:00-21:00,6.06,213242.120,0,2
406,21:00-22:00,6.06,207847.926,0,2
407,22:00-23:00,6.06,212841.992,0,2
408,23:00-24:00,6.06,207997.043,0,2
409,0:00-1:00,6.07,206815.546,0,2
410,1:00-2:00,6.07,209209.497,0,2
411,2:00-3:00,6.07,206538.860,0,2
412,3:00-4:00,6.07,198868.355,0,2
413,4:00-5:00,6.07,205826.170,0,2
414,5:00-6:00,6.07,203660.054,0,2
415,6:00-7:00,6.07,203263.283,0,2
416,7:00-8:00,6.07,202985.094,0,2
417,8:00-9:00,6.07,222760.829,0,2
418,9:00-10:00,6.07,208499.666,0,2
419,10:00-11:00,6.07,199135.274,0,2
420,11:00-12:00,6.07,191016.708,0,2
421,12:00-13:00,6.07,195117.460,0,2
422,13:00-14:00,6.07,198720.166,0,2
423,14:00-15:00,6.07,204559.544,0,2
424,15:00-16:00,6.07,205915.632,0,2
425,16:00-17:00,6.07,209602.810,0,2
426,17:00-18:00,6.07,204215.780,0,2
427,18:00-19:00,6.07,204219.141,0,2
428,19:00-20:00,6.07,206013.420,0,2
429,20:00-21:00,6.07,221239.524,0,2
430,21:00-22:00,6.07,222705.325,0,2
431,22:00-23:00,6.07,219804.690,0,2
432,23:00-24:00,6.07,218981.764,0,2
433,0:00-1:00,6.08,229181.074,0,2
434,1:00-2:00,6.08,226319.189,0,2
435,2:00-3:00,6.08,229603.333,0,2
436,3:00-4:00,6.08,221170.246,0,2
437,4:00-5:00,6.08,220276.520,0,2
438,5:00-6:00,6.08,219211.474,0,2
439,6:00-7:00,6.08,216311.668,0,2
440,7:00-8:00,6.08,216886.924,0,2
441,8:00-9:00,6.08,219242.585,0,2
442,9:00-10:00,6.08,223491.004,0,2
443,10:00-11:00,6.08,213218.342,0,2
444,11:00-12:00,6.08,202240.569,0,2
445,12:00-13:00,6.08,200147.738,0,2
446,13:00-14:00,6.08,203583.081,0,2
447,14:00-15:00,6.08,208160.887,0,2
448,15:00-16:00,6.08,215430.478,0,2
449,16:00-17:00,6.08,220277.049,0,2
450,17:00-18:00,6.08,217585.340,0,2
451,18:00-19:00,6.08,215891.036,0,2
452,19:00-20:00,6.08,223163.123,0,2
453,20:00-21:00,6.08,229053.580,0,2
454,21:00-22:00,6.08,231215.419,0,2
455,22:00-23:00,6.08,234181.528,0,2
456,23:00-24:00,6.08,224919.940,0,2
457,0:00-1:00,6.09,217827.919,0,2
458,1:00-2:00,6.09,220506.373,0,2
459,2:00-3:00,6.09,220568.046,0,2
460,3:00-4:00,6.09,217435.132,0,2
461,4:00-5:00,6.09,216599.465,0,2
462,5:00-6:00,6.09,215497.439,0,2
463,6:00-7:00,6.09,215626.808,0,2
464,7:00-8:00,6.09,215949.068,0,2
465,8:00-9:00,6.09,230177.031,0,2
466,9:00-10:00,6.09,221380.039,0,2
467,10:00-11:00,6.09,210043.700,0,2
468,11:00-12:00,6.09,204287.607,0,2
469,12:00-13:00,6.09,199845.697,0,2
470,13:00-14:00,6.09,209533.189,0,2
471,14:00-15:00,6.09,215248.410,0,2
472,15:00-16:00,6.09,217177.879,0,2
473,16:00-17:00,6.09,219458.667,0,2
474,17:00-18:00,6.09,213937.824,0,2
475,18:00-19:00,6.09,216502.918,0,2
476,19:00-20:00,6.09,216188.566,0,2
477,20:00-21:00,6.09,227728.700,0,2
478,21:00-22:00,6.09,224663.220,0,2
479,22:00-23:00,6.09,228958.730,0,2
480,23:00-24:00,6.09,219881.627,0,2
481,0:00-1:00,6.10,222168.131,1,2
482,1:00-2:00,6.10,222051.192,1,2
483,2:00-3:00,6.10,222017.421,1,2
484,3:00-4:00,6.10,212853.481,1,2
485,4:00-5:00,6.10,218576.661,1,2
486,5:00-6:00,6.10,212081.169,1,2
487,6:00-7:00,6.10,209373.661,1,2
488,7:00-8:00,6.10,202811.053,1,2
489,8:00-9:00,6.10,199848.899,1,2
490,9:00-10:00,6.10,201566.491,1,2
491,10:00-11:00,6.10,205804.579,1,2
492,11:00-12:00,6.10,194840.854,1,2
493,12:00-13:00,6.10,191301.092,1,2
494,13:00-14:00,6.10,194042.642,1,2
495,14:00-15:00,6.10,196667.422,1,2
496,15:00-16:00,6.10,196535.234,1,2
497,16:00-17:00,6.10,198858.633,1,2
498,17:00-18:00,6.10,200100.186,1,2
499,18:00-19:00,6.10,199077.631,1,2
500,19:00-20:00,6.10,201719.073,1,2
501,20:00-21:00,6.10,207326.543,1,2
502,21:00-22:00,6.10,209743.793,1,2
503,22:00-23:00,6.10,207640.629,1,2
504,23:00-24:00,6.10,204299.798,1,2
505,0:00-1:00,6.11,200365.052,1,0
506,1:00-2:00,6.11,192824.571,1,0
507,2:00-3:00,6.11,208607.128,1,0
508,3:00-4:00,6.11,198749.704,1,0
509,4:00-5:00,6.11,195373.572,1,0
510,5:00-6:00,6.11,193007.502,1,0
511,6:00-7:00,6.11,193783.091,1,0
512,7:00-8:00,6.11,191943.271,1,0
513,8:00-9:00,6.11,194270.023,1,0
514,9:00-10:00,6.11,177062.752,1,0
515,10:00-11:00,6.11,175389.342,1,0
516,11:00-12:00,6.11,167732.505,1,0
517,12:00-13:00,6.11,171460.820,1,0
518,13:00-14:00,6.11,173624.214,1,0
519,14:00-15:00,6.11,173494.780,1,0
520,15:00-16:00,6.11,176866.487,1,0
521,16:00-17:00,6.11,175245.965,1,0
522,17:00-18:00,6.11,177363.832,1,0
523,18:00-19:00,6.11,178105.821,1,0
524,19:00-20:00,6.11,175317.573,1,0
525,20:00-21:00,6.11,192786.526,1,0
526,21:00-22:00,6.11,194782.713,1,0
527,22:00-23:00,6.11,199601.892,1,0
528,23:00-24:00,6.11,194274.235,1,0
529,0:00-1:00,6.12,191697.691,0,1
530,1:00-2:00,6.12,200304.790,0,1
531,2:00-3:00,6.12,190438.520,0,1
532,3:00-4:00,6.12,202738.356,0,1
533,4:00-5:00,6.12,190185.249,0,1
534,5:00-6:00,6.12,188940.143,0,1
535,6:00-7:00,6.12,187720.946,0,1
536,7:00-8:00,6.12,191781.817,0,1
537,8:00-9:00,6.12,217721.756,0,1
538,9:00-10:00,6.12,208167.566,0,1
539,10:00-11:00,6.12,204931.976,0,1
540,11:00-12:00,6.12,195836.489,0,1
541,12:00-13:00,6.12,196724.587,0,1
542,13:00-14:00,6.12,206098.989,0,1
543,14:00-15:00,6.12,204531.677,0,1
544,15:00-16:00,6.12,203384.780,0,1
545,16:00-17:00,6.12,203892.140,0,1
546,17:00-18:00,6.12,195890.277,0,1
547,18:00-19:00,6.12,192833.722,0,1
548,19:00-20:00,6.12,190262.623,0,1
549,20:00-21:00,6.12,199624.899,0,1
550,21:00-22:00,6.12,203947.602,0,1
551,22:00-23:00,6.12,208637.919,0,1
552,23:00-24:00,6.12,203866.970,0,1
553,0:00-1:00,6.13,195353.964,0,1
554,1:00-2:00,6.13,199847.664,0,1
555,2:00-3:00,6.13,201649.601,0,1
556,3:00-4:00,6.13,197646.816,0,1
557,4:00-5:00,6.13,194483.471,0,1
558,5:00-6:00,6.13,195234.800,0,1
559,6:00-7:00,6.13,195360.774,0,1
560,7:00-8:00,6.13,201241.910,0,1
561,8:00-9:00,6.13,213808.324,0,1
562,9:00-10:00,6.13,198740.924,0,1
563,10:00-11:00,6.13,197918.829,0,1
564,11:00-12:00,6.13,197023.105,0,1
565,12:00-13:00,6.13,196272.655,0,1
566,13:00-14:00,6.13,201504.932,0,1
567,14:00-15:00,6.13,205090.358,0,1
568,15:00-16:00,6.13,203891.810,0,1
569,16:00-17:00,6.13,205191.458,0,1
570,17:00-18:00,6.13,204149.496,0,1
571,18:00-19:00,6.13,202332.516,0,1
572,19:00-20:00,6.13,207466.751,0,1
573,20:00-21:00,6.13,215280.127,0,1
574,21:00-22:00,6.13,215318.375,0,1
575,22:00-23:00,6.13,209438.834,0,1
576,23:00-24:00,6.13,208466.909,0,1
577,0:00-1:00,6.14,211830.964,0,1
578,1:00-2:00,6.14,213726.734,0,1
579,2:00-3:00,6.14,213138.529,0,1
580,3:00-4:00,6.14,205540.995,0,1
581,4:00-5:00,6.14,209644.541,0,1
582,5:00-6:00,6.14,200506.168,0,1
583,6:00-7:00,6.14,199219.672,0,1
584,7:00-8:00,6.14,206530.448,0,1
585,8:00-9:00,6.14,219633.091,0,1
586,9:00-10:00,6.14,220246.457,0,1
587,10:00-11:00,6.14,214355.043,0,1
588,11:00-12:00,6.14,201267.540,0,1
589,12:00-13:00,6.14,199020.472,0,1
590,13:00-14:00,6.14,205577.124,0,1
591,14:00-15:00,6.14,206126.033,0,1
592,15:00-16:00,6.14,206836.501,0,1
593,16:00-17:00,6.14,208036.985,0,1
594,17:00-18:00,6.14,206139.849,0,1
595,18:00-19:00,6.14,207260.101,0,1
596,19:00-20:00,6.14,206794.889,0,1
597,20:00-21:00,6.14,217775.427,0,1
598,21:00-22:00,6.14,223217.088,0,1
599,22:00-23:00,6.14,220477.045,0,1
600,23:00-24:00,6.14,211168.047,0,1
601,0:00-1:00,6.15,205627.771,0,1
602,1:00-2:00,6.15,205103.199,0,1
603,2:00-3:00,6.15,211955.595,0,1
604,3:00-4:00,6.15,208047.507,0,1
605,4:00-5:00,6.15,199276.283,0,1
606,5:00-6:00,6.15,200025.553,0,1
607,6:00-7:00,6.15,200020.784,0,1
608,7:00-8:00,6.15,199525.738,0,1
609,8:00-9:00,6.15,212019.949,0,1
610,9:00-10:00,6.15,197050.745,0,1
611,10:00-11:00,6.15,200420.088,0,1
612,11:00-12:00,6.15,190903.308,0,1
613,12:00-13:00,6.15,189499.851,0,1
614,13:00-14:00,6.15,195760.606,0,1
615,14:00-15:00,6.15,196511.014,0,1
616,15:00-16:00,6.15,200367.940,0,1
617,16:00-17:00,6.15,207934.958,0,1
618,17:00-18:00,6.15,208202.152,0,1
619,18:00-19:00,6.15,210821.247,0,1
620,19:00-20:00,6.15,220668.239,0,1
621,20:00-21:00,6.15,221948.562,0,1
622,21:00-22:00,6.15,218874.250,0,1
623,22:00-23:00,6.15,223910.132,0,1
624,23:00-24:00,6.15,217514.658,0,1
625,0:00-1:00,6.16,212027.883,0,1
626,1:00-2:00,6.16,212746.057,0,1
627,2:00-3:00,6.16,211956.868,0,1
628,3:00-4:00,6.16,203124.517,0,1
629,4:00-5:00,6.16,207366.194,0,1
630,5:00-6:00,6.16,202715.720,0,1
631,6:00-7:00,6.16,199538.933,0,1
632,7:00-8:00,6.16,217219.476,0,1
633,8:00-9:00,6.16,234703.066,0,1
634,9:00-10:00,6.16,235412.661,0,1
635,10:00-11:00,6.16,218585.236,0,1
636,11:00-12:00,6.16,208810.145,0,1
637,12:00-13:00,6.16,205718.191,0,1
638,13:00-14:00,6.16,216105.380,0,1
639,14:00-15:00,6.16,219323.378,0,1
640,15:00-16:00,6.16,219788.988,0,1
641,16:00-17:00,6.16,218503.237,0,1
642,17:00-18:00,6.16,213319.069,0,1
643,18:00-19:00,6.16,216023.157,0,1
644,19:00-20:00,6.16,228544.518,0,1
645,20:00-21:00,6.16,228074.863,0,1
646,21:00-22:00,6.16,227116.175,0,1
647,22:00-23:00,6.16,221850.272,0,1
648,23:00-24:00,6.16,215337.887,0,1
649,0:00-1:00,6.17,215903.450,1,1
650,1:00-2:00,6.17,217750.833,1,1
651,2:00-3:00,6.17,212261.534,1,1
652,3:00-4:00,6.17,209834.976,1,1
653,4:00-5:00,6.17,206484.231,1,1
654,5:00-6:00,6.17,208531.937,1,1
655,6:00-7:00,6.17,201234.898,1,1
656,7:00-8:00,6.17,222999.824,1,1
657,8:00-9:00,6.17,224614.037,1,1
658,9:00-10:00,6.17,213513.900,1,1
659,10:00-11:00,6.17,206644.105,1,1
660,11:00-12:00,6.17,196716.705,1,1
661,12:00-13:00,6.17,196776.683,1,1
662,13:00-14:00,6.17,199563.175,1,1
663,14:00-15:00,6.17,204092.195,1,1
664,15:00-16:00,6.17,200930.001,1,1
665,16:00-17:00,6.17,201142.764,1,1
666,17:00-18:00,6.17,200437.233,1,1
667,18:00-19:00,6.17,201395.236,1,1
668,19:00-20:00,6.17,205076.962,1,1
669,20:00-21:00,6.17,206834.695,1,1
670,21:00-22:00,6.17,206406.670,1,1
671,22:00-23:00,6.17,207797.538,1,1
672,23:00-24:00,6.17,100602.049,1,1
673,0:00-1:00,6.18,206325.204,1,1
674,1:00-2:00,6.18,208006.083,1,1
675,2:00-3:00,6.18,209693.307,1,1
676,3:00-4:00,6.18,207713.551,1,1
677,4:00-5:00,6.18,199732.848,1,1
678,5:00-6:00,6.18,196581.852,1,1
679,6:00-7:00,6.18,197356.522,1,1
680,7:00-8:00,6.18,192098.429,1,1
681,8:00-9:00,6.18,198873.839,1,1
682,9:00-10:00,6.18,176808.278,1,1
683,10:00-11:00,6.18,172011.594,1,1
684,11:00-12:00,6.18,168999.533,1,1
685,12:00-13:00,6.18,171558.329,1,1
686,13:00-14:00,6.18,174687.641,1,1
687,14:00-15:00,6.18,170439.958,1,1
688,15:00-16:00,6.18,175805.373,1,1
689,16:00-17:00,6.18,174625.528,1,1
690,17:00-18:00,6.18,172391.323,1,1
691,18:00-19:00,6.18,173009.739,1,1
692,19:00-20:00,6.18,174832.831,1,1
693,20:00-21:00,6.18,182643.642,1,1
694,21:00-22:00,6.18,188235.530,1,1
695,22:00-23:00,6.18,192887.952,1,1
696,23:00-24:00,6.18,192774.898,1,1
697,0:00-1:00,6.19,192161.727,0,1
698,1:00-2:00,6.19,197390.157,0,1
699,2:00-3:00,6.19,199657.993,0,1
700,3:00-4:00,6.19,191754.229,0,1
701,4:00-5:00,6.19,191334.098,0,1
702,5:00-6:00,6.19,189201.008,0,1
703,6:00-7:00,6.19,197610.564,0,1
704,7:00-8:00,6.19,203184.754,0,1
705,8:00-9:00,6.19,216382.516,0,1
706,9:00-10:00,6.19,209887.161,0,1
707,10:00-11:00,6.19,208252.352,0,1
708,11:00-12:00,6.19,198047.661,0,1
709,12:00-13:00,6.19,193740.126,0,1
710,13:00-14:00,6.19,202401.802,0,1
711,14:00-15:00,6.19,205877.955,0,1
712,15:00-16:00,6.19,195387.144,0,1
713,16:00-17:00,6.19,203163.137,0,1
714,17:00-18:00,6.19,207781.972,0,1
715,18:00-19:00,6.19,208935.186,0,1
716,19:00-20:00,6.19,214000.601,0,1
717,20:00-21:00,6.19,221879.428,0,1
718,21:00-22:00,6.19,221885.696,0,1
719,22:00-23:00,6.19,224133.500,0,1
720,23:00-24:00,6.19,217079.118,0,1
721,0:00-1:00,6.20,213724.555,0,#NULL!
722,1:00-2:00,6.20,212772.823,0,#NULL!
723,2:00-3:00,6.20,214184.778,0,#NULL!
724,3:00-4:00,6.20,210253.803,0,#NULL!
725,4:00-5:00,6.20,204352.226,0,#NULL!
726,5:00-6:00,6.20,206651.731,0,#NULL!
727,6:00-7:00,6.20,210172.180,0,#NULL!
728,7:00-8:00,6.20,212988.759,0,#NULL!
729,8:00-9:00,6.20,225774.084,0,#NULL!
730,9:00-10:00,6.20,225010.568,0,#NULL!
731,10:00-11:00,6.20,206779.005,0,#NULL!
732,11:00-12:00,6.20,195233.430,0,#NULL!
733,12:00-13:00,6.20,194215.722,0,#NULL!
734,13:00-14:00,6.20,199560.581,0,#NULL!
735,14:00-15:00,6.20,206306.572,0,#NULL!
736,15:00-16:00,6.20,204075.205,0,#NULL!
737,16:00-17:00,6.20,203882.985,0,#NULL!
738,17:00-18:00,6.20,205685.931,0,#NULL!
739,18:00-19:00,6.20,207273.754,0,#NULL!
740,19:00-20:00,6.20,211835.416,0,#NULL!
741,20:00-21:00,6.20,217631.115,0,#NULL!
742,21:00-22:00,6.20,223398.521,0,#NULL!
743,22:00-23:00,6.20,217350.625,0,#NULL!
744,23:00-24:00,6.20,214916.002,0,#NULL!
745,0:00-1:00,6.21,212975.219,0,#NULL!
746,1:00-2:00,6.21,211459.757,0,#NULL!
747,2:00-3:00,6.21,209468.622,0,#NULL!
748,3:00-4:00,6.21,202386.274,0,#NULL!
749,4:00-5:00,6.21,197572.209,0,#NULL!
750,5:00-6:00,6.21,195987.029,0,#NULL!
751,6:00-7:00,6.21,203680.575,0,#NULL!
752,7:00-8:00,6.21,207394.946,0,#NULL!
753,8:00-9:00,6.21,222991.619,0,#NULL!
754,9:00-10:00,6.21,221089.467,0,#NULL!
755,10:00-11:00,6.21,206408.265,0,#NULL!
756,11:00-12:00,6.21,198353.810,0,#NULL!
757,12:00-13:00,6.21,195147.657,0,#NULL!
758,13:00-14:00,6.21,200597.588,0,#NULL!
759,14:00-15:00,6.21,206103.150,0,#NULL!
760,15:00-16:00,6.21,208391.988,0,#NULL!
761,16:00-17:00,6.21,211063.567,0,#NULL!
762,17:00-18:00,6.21,211778.426,0,#NULL!
763,18:00-19:00,6.21,211423.888,0,#NULL!
764,19:00-20:00,6.21,223135.820,0,#NULL!
765,20:00-21:00,6.21,221123.695,0,#NULL!
766,21:00-22:00,6.21,215916.415,0,#NULL!
767,22:00-23:00,6.21,219894.558,0,#NULL!
768,23:00-24:00,6.21,214971.419,0,#NULL!
769,0:00-1:00,6.22,215112.259,0,#NULL!
770,1:00-2:00,6.22,212886.976,0,#NULL!
771,2:00-3:00,6.22,211192.607,0,#NULL!
772,3:00-4:00,6.22,206620.399,0,#NULL!
773,4:00-5:00,6.22,205331.781,0,#NULL!
774,5:00-6:00,6.22,202564.447,0,#NULL!
775,6:00-7:00,6.22,199535.192,0,#NULL!
776,7:00-8:00,6.22,207031.297,0,#NULL!
777,8:00-9:00,6.22,224851.372,0,#NULL!
778,9:00-10:00,6.22,211530.698,0,#NULL!
779,10:00-11:00,6.22,198834.395,0,#NULL!
780,11:00-12:00,6.22,194029.816,0,#NULL!
781,12:00-13:00,6.22,193675.538,0,#NULL!
782,13:00-14:00,6.22,203724.657,0,#NULL!
783,14:00-15:00,6.22,209630.187,0,#NULL!
784,15:00-16:00,6.22,209738.307,0,#NULL!
785,16:00-17:00,6.22,213559.803,0,#NULL!
786,17:00-18:00,6.22,214437.442,0,#NULL!
787,18:00-19:00,6.22,213212.001,0,#NULL!
788,19:00-20:00,6.22,224133.832,0,#NULL!
789,20:00-21:00,6.22,227329.706,0,#NULL!
790,21:00-22:00,6.22,224786.838,0,#NULL!
791,22:00-23:00,6.22,226924.342,0,#NULL!
792,23:00-24:00,6.22,217052.122,0,#NULL!
793,0:00-1:00,6.23,215098.522,0,#NULL!
794,1:00-2:00,6.23,216939.491,0,#NULL!
795,2:00-3:00,6.23,210548.213,0,#NULL!
796,3:00-4:00,6.23,210125.334,0,#NULL!
797,4:00-5:00,6.23,207505.849,0,#NULL!
798,5:00-6:00,6.23,205579.841,0,#NULL!
799,6:00-7:00,6.23,207292.674,0,#NULL!
800,7:00-8:00,6.23,212446.883,0,#NULL!
801,8:00-9:00,6.23,218118.922,0,#NULL!
802,9:00-10:00,6.23,212902.938,0,#NULL!
803,10:00-11:00,6.23,200306.057,0,#NULL!
804,11:00-12:00,6.23,193437.664,0,#NULL!
805,12:00-13:00,6.23,192352.631,0,#NULL!
806,13:00-14:00,6.23,197716.289,0,#NULL!
807,14:00-15:00,6.23,200324.112,0,#NULL!
808,15:00-16:00,6.23,202222.748,0,#NULL!
809,16:00-17:00,6.23,208312.162,0,#NULL!
810,17:00-18:00,6.23,206602.554,0,#NULL!
811,18:00-19:00,6.23,206053.677,0,#NULL!
812,19:00-20:00,6.23,211019.235,0,#NULL!
813,20:00-21:00,6.23,226115.597,0,#NULL!
814,21:00-22:00,6.23,221674.809,0,#NULL!
815,22:00-23:00,6.23,224385.871,0,#NULL!
816,23:00-24:00,6.23,213584.442,0,#NULL!
817,0:00-1:00,6.24,214343.649,1,#NULL!
818,1:00-2:00,6.24,205695.455,1,#NULL!
819,2:00-3:00,6.24,211490.907,1,#NULL!
820,3:00-4:00,6.24,207239.314,1,#NULL!
821,4:00-5:00,6.24,212353.950,1,#NULL!
822,5:00-6:00,6.24,210592.793,1,#NULL!
823,6:00-7:00,6.24,210730.819,1,#NULL!
824,7:00-8:00,6.24,212440.623,1,#NULL!
825,8:00-9:00,6.24,223717.082,1,#NULL!
826,9:00-10:00,6.24,220044.897,1,#NULL!
827,10:00-11:00,6.24,219001.621,1,#NULL!
828,11:00-12:00,6.24,202743.484,1,#NULL!
829,12:00-13:00,6.24,200047.246,1,#NULL!
830,13:00-14:00,6.24,204957.769,1,#NULL!
831,14:00-15:00,6.24,209241.790,1,#NULL!
832,15:00-16:00,6.24,207309.669,1,#NULL!
833,16:00-17:00,6.24,209953.427,1,#NULL!
834,17:00-18:00,6.24,209463.708,1,#NULL!
835,18:00-19:00,6.24,211428.470,1,#NULL!
836,19:00-20:00,6.24,208322.242,1,#NULL!
837,20:00-21:00,6.24,218379.092,1,#NULL!
838,21:00-22:00,6.24,223600.489,1,#NULL!
839,22:00-23:00,6.24,230028.810,1,#NULL!
840,23:00-24:00,6.24,218129.897,1,#NULL!
841,0:00-1:00,6.25,217310.110,1,#NULL!
842,1:00-2:00,6.25,215257.734,1,#NULL!
843,2:00-3:00,6.25,216736.925,1,#NULL!
844,3:00-4:00,6.25,209664.911,1,#NULL!
845,4:00-5:00,6.25,213231.801,1,#NULL!
846,5:00-6:00,6.25,207104.297,1,#NULL!
847,6:00-7:00,6.25,203531.717,1,#NULL!
848,7:00-8:00,6.25,203309.437,1,#NULL!
849,8:00-9:00,6.25,216268.675,1,#NULL!
850,9:00-10:00,6.25,206158.434,1,#NULL!
851,10:00-11:00,6.25,195543.541,1,#NULL!
852,11:00-12:00,6.25,192672.583,1,#NULL!
853,12:00-13:00,6.25,188042.964,1,#NULL!
854,13:00-14:00,6.25,201778.184,1,#NULL!
855,14:00-15:00,6.25,204460.870,1,#NULL!
856,15:00-16:00,6.25,217905.406,1,#NULL!
857,16:00-17:00,6.25,201934.377,1,#NULL!
858,17:00-18:00,6.25,204753.604,1,#NULL!
859,18:00-19:00,6.25,201908.120,1,#NULL!
860,19:00-20:00,6.25,201487.521,1,#NULL!
861,20:00-21:00,6.25,216845.640,1,#NULL!
862,21:00-22:00,6.25,219308.065,1,#NULL!
863,22:00-23:00,6.25,221811.868,1,#NULL!
864,23:00-24:00,6.25,222526.577,1,#NULL!
865,0:00-1:00,6.26,209197.741,0,#NULL!
866,1:00-2:00,6.26,204874.602,0,#NULL!
867,2:00-3:00,6.26,210791.783,0,#NULL!
868,3:00-4:00,6.26,212834.586,0,#NULL!
869,4:00-5:00,6.26,211189.658,0,#NULL!
870,5:00-6:00,6.26,204211.424,0,#NULL!
871,6:00-7:00,6.26,207753.546,0,#NULL!
872,7:00-8:00,6.26,200599.746,0,#NULL!
873,8:00-9:00,6.26,218436.757,0,#NULL!
874,9:00-10:00,6.26,216346.291,0,#NULL!
875,10:00-11:00,6.26,214226.536,0,#NULL!
876,11:00-12:00,6.26,210822.297,0,#NULL!
877,12:00-13:00,6.26,203714.726,0,#NULL!
878,13:00-14:00,6.26,210427.849,0,#NULL!
879,14:00-15:00,6.26,212191.021,0,#NULL!
880,15:00-16:00,6.26,213770.369,0,#NULL!
881,16:00-17:00,6.26,217666.949,0,#NULL!
882,17:00-18:00,6.26,219825.161,0,#NULL!
883,18:00-19:00,6.26,217978.567,0,#NULL!
884,19:00-20:00,6.26,213171.250,0,#NULL!
885,20:00-21:00,6.26,226484.989,0,#NULL!
886,21:00-22:00,6.26,231540.619,0,#NULL!
887,22:00-23:00,6.26,221965.602,0,#NULL!
888,23:00-24:00,6.26,228452.999,0,#NULL!
889,0:00-1:00,6.27,212904.902,0,#NULL!
890,1:00-2:00,6.27,219218.435,0,#NULL!
891,2:00-3:00,6.27,205995.766,0,#NULL!
892,3:00-4:00,6.27,207437.633,0,#NULL!
893,4:00-5:00,6.27,201712.424,0,#NULL!
894,5:00-6:00,6.27,207722.087,0,#NULL!
895,6:00-7:00,6.27,205638.145,0,#NULL!
896,7:00-8:00,6.27,207791.707,0,#NULL!
897,8:00-9:00,6.27,246546.491,0,#NULL!
898,9:00-10:00,6.27,230616.187,0,#NULL!
899,10:00-11:00,6.27,217786.006,0,#NULL!
900,11:00-12:00,6.27,208985.297,0,#NULL!
901,12:00-13:00,6.27,209598.786,0,#NULL!
902,13:00-14:00,6.27,214012.585,0,#NULL!
903,14:00-15:00,6.27,214472.448,0,#NULL!
904,15:00-16:00,6.27,216254.879,0,#NULL!
905,16:00-17:00,6.27,217660.998,0,#NULL!
906,17:00-18:00,6.27,216352.037,0,#NULL!
907,18:00-19:00,6.27,215412.455,0,#NULL!
908,19:00-20:00,6.27,219249.124,0,#NULL!
909,20:00-21:00,6.27,224554.049,0,#NULL!
910,21:00-22:00,6.27,224399.701,0,#NULL!
911,22:00-23:00,6.27,221995.797,0,#NULL!
912,23:00-24:00,6.27,218169.974,0,#NULL!
913,0:00-1:00,6.28,215039.832,0,#NULL!
914,1:00-2:00,6.28,211540.970,0,#NULL!
915,2:00-3:00,6.28,210656.869,0,#NULL!
916,3:00-4:00,6.28,208019.899,0,#NULL!
917,4:00-5:00,6.28,201598.462,0,#NULL!
918,5:00-6:00,6.28,203447.419,0,#NULL!
919,6:00-7:00,6.28,205676.585,0,#NULL!
920,7:00-8:00,6.28,211138.677,0,#NULL!
921,8:00-9:00,6.28,221184.264,0,#NULL!
922,9:00-10:00,6.28,215160.909,0,#NULL!
923,10:00-11:00,6.28,203891.664,0,#NULL!
924,11:00-12:00,6.28,195975.909,0,#NULL!
925,12:00-13:00,6.28,194496.819,0,#NULL!
926,13:00-14:00,6.28,199109.187,0,#NULL!
927,14:00-15:00,6.28,201568.565,0,#NULL!
928,15:00-16:00,6.28,203439.820,0,#NULL!
929,16:00-17:00,6.28,210456.913,0,#NULL!
930,17:00-18:00,6.28,207995.896,0,#NULL!
931,18:00-19:00,6.28,206566.871,0,#NULL!
932,19:00-20:00,6.28,217774.075,0,#NULL!
933,20:00-21:00,6.28,215870.316,0,#NULL!
934,21:00-22:00,6.28,214318.349,0,#NULL!
935,22:00-23:00,6.28,214282.977,0,#NULL!
936,23:00-24:00,6.28,211257.800,0,#NULL!
937,0:00-1:00,6.29,205543.147,0,#NULL!
938,1:00-2:00,6.29,197994.549,0,#NULL!
939,2:00-3:00,6.29,203114.783,0,#NULL!
940,3:00-4:00,6.29,200351.061,0,#NULL!
941,4:00-5:00,6.29,199320.623,0,#NULL!
942,5:00-6:00,6.29,194920.844,0,#NULL!
943,6:00-7:00,6.29,197767.696,0,#NULL!
944,7:00-8:00,6.29,204781.444,0,#NULL!
945,8:00-9:00,6.29,218110.736,0,#NULL!
946,9:00-10:00,6.29,209730.537,0,#NULL!
947,10:00-11:00,6.29,202489.315,0,#NULL!
948,11:00-12:00,6.29,193935.705,0,#NULL!
949,12:00-13:00,6.29,189799.177,0,#NULL!
950,13:00-14:00,6.29,189832.331,0,#NULL!
951,14:00-15:00,6.29,193278.796,0,#NULL!
952,15:00-16:00,6.29,196024.359,0,#NULL!
953,16:00-17:00,6.29,199173.175,0,#NULL!
954,17:00-18:00,6.29,196157.178,0,#NULL!
955,18:00-19:00,6.29,195025.872,0,#NULL!
956,19:00-20:00,6.29,199025.068,0,#NULL!
957,20:00-21:00,6.29,195869.987,0,#NULL!
958,21:00-22:00,6.29,196100.544,0,#NULL!
959,22:00-23:00,6.29,203085.455,0,#NULL!
960,23:00-24:00,6.29,193499.108,0,#NULL!
961,0:00-1:00,6.30,192200.633,0,#NULL!
962,1:00-2:00,6.30,184825.867,0,#NULL!
963,2:00-3:00,6.30,182285.271,0,#NULL!
964,3:00-4:00,6.30,180651.421,0,#NULL!
965,4:00-5:00,6.30,178071.032,0,#NULL!
966,5:00-6:00,6.30,175780.525,0,#NULL!
967,6:00-7:00,6.30,172518.734,0,#NULL!
968,7:00-8:00,6.30,179563.795,0,#NULL!
969,8:00-9:00,6.30,185147.140,0,#NULL!
970,9:00-10:00,6.30,183106.713,0,#NULL!
971,10:00-11:00,6.30,184962.591,0,#NULL!
972,11:00-12:00,6.30,183156.813,0,#NULL!
973,12:00-13:00,6.30,183757.329,0,#NULL!
974,13:00-14:00,6.30,184609.995,0,#NULL!
975,14:00-15:00,6.30,184370.522,0,#NULL!
976,15:00-16:00,6.30,184728.825,0,#NULL!
977,16:00-17:00,6.30,191436.425,0,#NULL!
978,17:00-18:00,6.30,192164.089,0,#NULL!
979,18:00-19:00,6.30,193538.399,0,#NULL!
980,19:00-20:00,6.30,195497.219,0,#NULL!
981,20:00-21:00,6.30,207043.126,0,#NULL!
982,21:00-22:00,6.30,210001.433,0,#NULL!
983,22:00-23:00,6.30,213797.538,0,#NULL!
984,23:00-24:00,6.30,204090.290,0,#NULL!
985,0:00-1:00,7.01,192850.740,1,#NULL!
986,1:00-2:00,7.01,192547.552,1,#NULL!
987,2:00-3:00,7.01,191531.692,1,#NULL!
988,3:00-4:00,7.01,197835.643,1,#NULL!
989,4:00-5:00,7.01,193249.154,1,#NULL!
990,5:00-6:00,7.01,190601.183,1,#NULL!
991,6:00-7:00,7.01,190249.882,1,#NULL!
992,7:00-8:00,7.01,198677.060,1,#NULL!
993,8:00-9:00,7.01,212981.678,1,#NULL!
994,9:00-10:00,7.01,201435.144,1,#NULL!
995,10:00-11:00,7.01,189127.698,1,#NULL!
996,11:00-12:00,7.01,184708.085,1,#NULL!
997,12:00-13:00,7.01,184347.251,1,#NULL!
998,13:00-14:00,7.01,191526.564,1,#NULL!
999,14:00-15:00,7.01,190736.295,1,#NULL!
1000,15:00-16:00,7.01,191972.256,1,#NULL!
1001,16:00-17:00,7.01,194680.560,1,#NULL!
1002,17:00-18:00,7.01,194592.013,1,#NULL!
1003,18:00-19:00,7.01,191127.952,1,#NULL!
1004,19:00-20:00,7.01,198984.023,1,#NULL!
1005,20:00-21:00,7.01,203737.141,1,#NULL!
1006,21:00-22:00,7.01,203222.696,1,#NULL!
1007,22:00-23:00,7.01,205724.281,1,#NULL!
1008,23:00-24:00,7.01,200284.168,1,#NULL!
1009,0:00-1:00,7.02,192030.415,1,#NULL!
1010,1:00-2:00,7.02,197086.776,1,#NULL!
1011,2:00-3:00,7.02,197541.421,1,#NULL!
1012,3:00-4:00,7.02,195951.879,1,#NULL!
1013,4:00-5:00,7.02,194748.801,1,#NULL!
1014,5:00-6:00,7.02,190731.586,1,#NULL!
1015,6:00-7:00,7.02,190238.851,1,#NULL!
1016,7:00-8:00,7.02,196098.511,1,#NULL!
1017,8:00-9:00,7.02,208075.432,1,#NULL!
1018,9:00-10:00,7.02,207847.903,1,#NULL!
1019,10:00-11:00,7.02,201404.608,1,#NULL!
1020,11:00-12:00,7.02,184264.444,1,#NULL!
1021,12:00-13:00,7.02,187234.733,1,#NULL!
1022,13:00-14:00,7.02,193388.346,1,#NULL!
1023,14:00-15:00,7.02,190688.096,1,#NULL!
1024,15:00-16:00,7.02,185100.356,1,#NULL!
1025,16:00-17:00,7.02,180573.936,1,#NULL!
1026,17:00-18:00,7.02,184683.006,1,#NULL!
1027,18:00-19:00,7.02,189319.137,1,#NULL!
1028,19:00-20:00,7.02,198249.100,1,#NULL!
1029,20:00-21:00,7.02,200235.762,1,#NULL!
1030,21:00-22:00,7.02,198902.715,1,#NULL!
1031,22:00-23:00,7.02,202070.147,1,#NULL!
1032,23:00-24:00,7.02,199649.480,1,#NULL!
1033,0:00-1:00,7.03,198109.301,0,#NULL!
1034,1:00-2:00,7.03,198495.676,0,#NULL!
1035,2:00-3:00,7.03,197979.554,0,#NULL!
1036,3:00-4:00,7.03,188745.562,0,#NULL!
1037,4:00-5:00,7.03,188896.303,0,#NULL!
1038,5:00-6:00,7.03,185809.881,0,#NULL!
1039,6:00-7:00,7.03,191707.735,0,#NULL!
1040,7:00-8:00,7.03,197427.419,0,#NULL!
1041,8:00-9:00,7.03,218670.764,0,#NULL!
1042,9:00-10:00,7.03,215242.534,0,#NULL!
1043,10:00-11:00,7.03,208126.452,0,#NULL!
1044,11:00-12:00,7.03,204641.196,0,#NULL!
1045,12:00-13:00,7.03,198626.439,0,#NULL!
1046,13:00-14:00,7.03,204240.465,0,#NULL!
1047,14:00-15:00,7.03,205677.651,0,#NULL!
1048,15:00-16:00,7.03,200385.667,0,#NULL!
1049,16:00-17:00,7.03,205237.300,0,#NULL!
1050,17:00-18:00,7.03,204171.119,0,#NULL!
1051,18:00-19:00,7.03,204599.574,0,#NULL!
1052,19:00-20:00,7.03,213783.759,0,#NULL!
1053,20:00-21:00,7.03,212981.633,0,#NULL!
1054,21:00-22:00,7.03,214482.942,0,#NULL!
1055,22:00-23:00,7.03,212729.789,0,#NULL!
1056,23:00-24:00,7.03,207426.879,0,#NULL!
1057,0:00-1:00,7.04,203457.230,0,#NULL!
1058,1:00-2:00,7.04,202632.800,0,#NULL!
1059,2:00-3:00,7.04,201114.035,0,#NULL!
1060,3:00-4:00,7.04,197871.485,0,#NULL!
1061,4:00-5:00,7.04,195919.788,0,#NULL!
1062,5:00-6:00,7.04,197613.633,0,#NULL!
1063,6:00-7:00,7.04,198796.816,0,#NULL!
1064,7:00-8:00,7.04,207596.491,0,#NULL!
1065,8:00-9:00,7.04,228370.313,0,#NULL!
1066,9:00-10:00,7.04,223135.097,0,#NULL!
1067,10:00-11:00,7.04,215341.187,0,#NULL!
1068,11:00-12:00,7.04,194615.413,0,#NULL!
1069,12:00-13:00,7.04,194078.810,0,#NULL!
1070,13:00-14:00,7.04,196193.919,0,#NULL!
1071,14:00-15:00,7.04,203589.766,0,#NULL!
1072,15:00-16:00,7.04,202379.980,0,#NULL!
1073,16:00-17:00,7.04,200817.615,0,#NULL!
1074,17:00-18:00,7.04,199391.947,0,#NULL!
1075,18:00-19:00,7.04,199554.889,0,#NULL!
1076,19:00-20:00,7.04,201206.633,0,#NULL!
1077,20:00-21:00,7.04,202119.060,0,#NULL!
1078,21:00-22:00,7.04,205780.214,0,#NULL!
1079,22:00-23:00,7.04,206460.305,0,#NULL!
1080,23:00-24:00,7.04,199610.572,0,#NULL!
1081,0:00-1:00,7.05,197741.988,0,#NULL!
1082,1:00-2:00,7.05,198895.711,0,#NULL!
1083,2:00-3:00,7.05,198093.872,0,#NULL!
1084,3:00-4:00,7.05,193516.092,0,#NULL!
1085,4:00-5:00,7.05,194205.248,0,#NULL!
1086,5:00-6:00,7.05,195303.660,0,#NULL!
1087,6:00-7:00,7.05,195713.535,0,#NULL!
1088,7:00-8:00,7.05,200349.363,0,#NULL!
1089,8:00-9:00,7.05,211594.950,0,#NULL!
1090,9:00-10:00,7.05,206327.987,0,#NULL!
1091,10:00-11:00,7.05,205801.871,0,#NULL!
1092,11:00-12:00,7.05,193223.628,0,#NULL!
1093,12:00-13:00,7.05,189678.727,0,#NULL!
1094,13:00-14:00,7.05,197799.289,0,#NULL!
1095,14:00-15:00,7.05,211328.418,0,#NULL!
1096,15:00-16:00,7.05,207676.137,0,#NULL!
1097,16:00-17:00,7.05,208747.282,0,#NULL!
1098,17:00-18:00,7.05,206372.208,0,#NULL!
1099,18:00-19:00,7.05,209712.221,0,#NULL!
1100,19:00-20:00,7.05,221348.911,0,#NULL!
1101,20:00-21:00,7.05,222591.331,0,#NULL!
1102,21:00-22:00,7.05,218665.160,0,#NULL!
1103,22:00-23:00,7.05,222419.507,0,#NULL!
1104,23:00-24:00,7.05,209385.115,0,#NULL!
1105,0:00-1:00,7.06,210060.534,0,#NULL!
1106,1:00-2:00,7.06,211861.180,0,#NULL!
1107,2:00-3:00,7.06,211950.466,0,#NULL!
1108,3:00-4:00,7.06,209897.787,0,#NULL!
1109,4:00-5:00,7.06,202180.531,0,#NULL!
1110,5:00-6:00,7.06,201092.730,0,#NULL!
1111,6:00-7:00,7.06,196073.409,0,#NULL!
1112,7:00-8:00,7.06,199429.688,0,#NULL!
1113,8:00-9:00,7.06,214287.746,0,#NULL!
1114,9:00-10:00,7.06,224845.257,0,#NULL!
1115,10:00-11:00,7.06,221981.586,0,#NULL!
1116,11:00-12:00,7.06,203467.664,0,#NULL!
1117,12:00-13:00,7.06,200024.078,0,#NULL!
1118,13:00-14:00,7.06,204123.917,0,#NULL!
1119,14:00-15:00,7.06,208327.633,0,#NULL!
1120,15:00-16:00,7.06,212848.731,0,#NULL!
1121,16:00-17:00,7.06,215222.117,0,#NULL!
1122,17:00-18:00,7.06,218140.197,0,#NULL!
1123,18:00-19:00,7.06,217227.372,0,#NULL!
1124,19:00-20:00,7.06,219669.925,0,#NULL!
1125,20:00-21:00,7.06,221043.901,0,#NULL!
1126,21:00-22:00,7.06,218626.313,0,#NULL!
1127,22:00-23:00,7.06,222586.633,0,#NULL!
1128,23:00-24:00,7.06,217385.951,0,#NULL!
1129,0:00-1:00,7.07,212416.237,0,#NULL!
1130,1:00-2:00,7.07,211636.730,0,#NULL!
1131,2:00-3:00,7.07,209273.402,0,#NULL!
1132,3:00-4:00,7.07,207277.381,0,#NULL!
1133,4:00-5:00,7.07,205190.622,0,#NULL!
1134,5:00-6:00,7.07,203737.636,0,#NULL!
1135,6:00-7:00,7.07,199160.681,0,#NULL!
1136,7:00-8:00,7.07,206928.618,0,#NULL!
1137,8:00-9:00,7.07,220921.262,0,#NULL!
1138,9:00-10:00,7.07,225336.750,0,#NULL!
1139,10:00-11:00,7.07,216912.675,0,#NULL!
1140,11:00-12:00,7.07,196801.486,0,#NULL!
1141,12:00-13:00,7.07,198154.595,0,#NULL!
1142,13:00-14:00,7.07,204054.676,0,#NULL!
1143,14:00-15:00,7.07,206880.634,0,#NULL!
1144,15:00-16:00,7.07,205636.323,0,#NULL!
1145,16:00-17:00,7.07,205473.251,0,#NULL!
1146,17:00-18:00,7.07,202433.205,0,#NULL!
1147,18:00-19:00,7.07,199249.246,0,#NULL!
1148,19:00-20:00,7.07,204159.805,0,#NULL!
1149,20:00-21:00,7.07,209154.413,0,#NULL!
1150,21:00-22:00,7.07,207105.985,0,#NULL!
1151,22:00-23:00,7.07,216804.260,0,#NULL!
1152,23:00-24:00,7.07,206526.870,0,#NULL!
1153,0:00-1:00,7.08,202043.739,1,#NULL!
1154,1:00-2:00,7.08,197522.525,1,#NULL!
1155,2:00-3:00,7.08,200135.549,1,#NULL!
1156,3:00-4:00,7.08,201664.198,1,#NULL!
1157,4:00-5:00,7.08,197554.625,1,#NULL!
1158,5:00-6:00,7.08,199879.046,1,#NULL!
1159,6:00-7:00,7.08,197224.253,1,#NULL!
1160,7:00-8:00,7.08,201128.576,1,#NULL!
1161,8:00-9:00,7.08,213480.572,1,#NULL!
1162,9:00-10:00,7.08,209971.657,1,#NULL!
1163,10:00-11:00,7.08,215355.872,1,#NULL!
1164,11:00-12:00,7.08,193328.181,1,#NULL!
1165,12:00-13:00,7.08,184157.727,1,#NULL!
1166,13:00-14:00,7.08,188964.578,1,#NULL!
1167,14:00-15:00,7.08,190093.878,1,#NULL!
1168,15:00-16:00,7.08,190400.832,1,#NULL!
1169,16:00-17:00,7.08,196598.228,1,#NULL!
1170,17:00-18:00,7.08,198768.364,1,#NULL!
1171,18:00-19:00,7.08,197962.318,1,#NULL!
1172,19:00-20:00,7.08,212164.241,1,#NULL!
1173,20:00-21:00,7.08,219796.409,1,#NULL!
1174,21:00-22:00,7.08,217999.972,1,#NULL!
1175,22:00-23:00,7.08,219722.130,1,#NULL!
1176,23:00-24:00,7.08,212301.001,1,#NULL!
